amfi_code,tracking_error
120843,0.20642496841144062
120505,0.2319675096004632
100033,0.22869942052083106
148567,0.1896636779215802
119598,0.2838814541332667
